SubmissionDate,choose_hex,meta-instanceID,KEY,SubmitterID,SubmitterName,AttachmentsPresent,AttachmentsExpected,Status,ReviewState,DeviceID,Edits,FormVersion
2024-08-28T10:16:44.511Z,3_-6_3,uuid:4524b3df-2b16-4cb7-babf-b3376f7ff9a8,uuid:4524b3df-2b16-4cb7-babf-b3376f7ff9a8,1094,chrissy,0,0,,,collect:v2m4bt3bE9ZfeMfi,0,20240828111348
2024-08-28T10:16:36.475Z,3_3_-6,uuid:81d29520-9d20-4ce6-a324-4a812fea32ae,uuid:81d29520-9d20-4ce6-a324-4a812fea32ae,1094,chrissy,0,0,,,collect:v2m4bt3bE9ZfeMfi,0,20240828111348
2024-08-28T10:16:28.470Z,-6_3_3,uuid:7f30503a-e663-4522-887c-4e391904d49c,uuid:7f30503a-e663-4522-887c-4e391904d49c,1094,chrissy,0,0,,,collect:v2m4bt3bE9ZfeMfi,0,20240828111348
2024-08-28T10:16:18.472Z,0_0_0,uuid:2fe4a9f9-8d63-4bd1-b39f-bee9ff615608,uuid:2fe4a9f9-8d63-4bd1-b39f-bee9ff615608,1094,chrissy,0,0,,,collect:v2m4bt3bE9ZfeMfi,0,20240828111348
2024-08-28T10:16:14.057Z,12_-6_-6,uuid:a81491f5-e5dc-4576-ae4c-07dbf85d30ae,uuid:a81491f5-e5dc-4576-ae4c-07dbf85d30ae,1094,chrissy,0,0,,,collect:v2m4bt3bE9ZfeMfi,0,20240828111348
2024-08-28T10:16:08.984Z,-6_-6_12,uuid:12a6b3b8-0b88-4def-b7c4-449d968001e5,uuid:12a6b3b8-0b88-4def-b7c4-449d968001e5,1094,chrissy,0,0,,,collect:v2m4bt3bE9ZfeMfi,0,20240828111348
2024-08-28T10:16:03.605Z,-6_12_-6,uuid:1c158de6-5604-4cca-80a5-96a1e42da0df,uuid:1c158de6-5604-4cca-80a5-96a1e42da0df,1094,chrissy,0,0,,,collect:v2m4bt3bE9ZfeMfi,0,20240828111348
2024-08-28T10:15:58.785Z,9_-4_-5,uuid:e99451f8-d905-4790-9775-684e37713099,uuid:e99451f8-d905-4790-9775-684e37713099,1094,chrissy,0,0,,,collect:v2m4bt3bE9ZfeMfi,0,20240828111348
2024-08-28T10:15:53.717Z,-5_7_-2,uuid:1c707878-7e4c-4ec8-ae84-e581e804c7e2,uuid:1c707878-7e4c-4ec8-ae84-e581e804c7e2,1094,chrissy,0,0,,,collect:v2m4bt3bE9ZfeMfi,0,20240828111348
2024-08-28T10:15:48.349Z,2_2_-4,uuid:34d3456d-6cf1-4111-8860-76440f8bd055,uuid:34d3456d-6cf1-4111-8860-76440f8bd055,1094,chrissy,0,0,,,collect:v2m4bt3bE9ZfeMfi,0,20240828111348
2024-08-28T10:15:42.927Z,1_-5_4,uuid:942063a0-e816-475b-a876-8586bcbcac28,uuid:942063a0-e816-475b-a876-8586bcbcac28,1094,chrissy,0,0,,,collect:v2m4bt3bE9ZfeMfi,0,20240828111348
2024-08-28T10:15:38.492Z,-4_6_-2,uuid:64c110f2-751a-4072-ba4a-1c4e37628812,uuid:64c110f2-751a-4072-ba4a-1c4e37628812,1094,chrissy,0,0,,,collect:v2m4bt3bE9ZfeMfi,0,20240828111348
2024-08-28T10:15:33.676Z,3_-5_2,uuid:c065dded-9b41-4df2-a03e-60ec660787c9,uuid:c065dded-9b41-4df2-a03e-60ec660787c9,1094,chrissy,0,0,,,collect:v2m4bt3bE9ZfeMfi,0,20240828111348
2024-08-28T10:15:29.223Z,-5_3_2,uuid:2b1d62a2-0259-4432-aa96-ac8be4655731,uuid:2b1d62a2-0259-4432-aa96-ac8be4655731,1094,chrissy,0,0,,,collect:v2m4bt3bE9ZfeMfi,0,20240828111348
2024-08-28T10:15:23.880Z,-6_-6_12,uuid:e23f6843-8132-4622-b1eb-dd33742105eb,uuid:e23f6843-8132-4622-b1eb-dd33742105eb,1094,chrissy,0,0,,,collect:v2m4bt3bE9ZfeMfi,0,20240828111348
2024-08-28T10:15:18.779Z,2_4_-6,uuid:66750b71-a44a-4e2c-9780-ff6b9eedc916,uuid:66750b71-a44a-4e2c-9780-ff6b9eedc916,1094,chrissy,0,0,,,collect:v2m4bt3bE9ZfeMfi,0,20240828111348
2024-08-28T10:15:13.425Z,2_-3_1,uuid:49969039-c519-4c6a-b41f-70afee007fa4,uuid:49969039-c519-4c6a-b41f-70afee007fa4,1094,chrissy,0,0,,,collect:v2m4bt3bE9ZfeMfi,0,20240828111348
2024-08-28T10:15:08.425Z,-5_3_2,uuid:27e1ec88-ecae-4e35-a396-adc890e98daf,uuid:27e1ec88-ecae-4e35-a396-adc890e98daf,1094,chrissy,0,0,,,collect:v2m4bt3bE9ZfeMfi,0,20240828111348
2024-08-28T10:14:33.802Z,3_1_-4,uuid:2e433565-3f73-474c-b177-4d93fed59eae,uuid:2e433565-3f73-474c-b177-4d93fed59eae,1094,chrissy,0,0,,,collect:v2m4bt3bE9ZfeMfi,0,20240828111348
